<?xml version="1.0" encoding="UTF-8"?>
<!DOCTYPE suite SYSTEM "https://testng.org/testng-1.0.dtd" >
<suite name="ExampleSuite" >
    <test name="SuiteTests" >
    <groups>
       <run>
            <include name="headerTests" />
            <!--<exclude name="HeaderTests" />-->
           <include name="buttonTests" />
        </run>
    </groups>
        <classes>
            <class name="suiteExample.DemoOne"/>
            <class name="suiteExample.DemoTwo"/>
            <class name="suiteExample.Activity5"/>
        </classes>
    </test>
</suite>